doc_id,source,title,year,url,notes
enc-2023-coal-subsidies,Energy Community Secretariat,Analysis of Direct Subsidies to Coal and Lignite Electricity Production for the year 2021 and 2022 in the Energy Community Contracting Parties,2023,https://www.energy-community.org/dam/jcr:322a67e2-ac16-427f-ac07-366276b1dae5/Final%20report%20Dijana%20Ristovic-28.09.2023.pdf,"52 pp; coal_power, state_utility (EPS), ifi_funding (state-guaranteed loans)"
enc-2025-cbam-readiness-tracker,Energy Community Secretariat,Energy Community CBAM-Readiness Tracker 2025,2025,https://www.energy-community.org/dam/jcr:78740bd6-dba0-4e8b-855c-69f00c84bc73/25343_EC_CBAM_v09_AU_pages_LQ.pdf,"52 pp; eu_accession (CBAM, market coupling, carbon pricing), coal_power"
enc-2021-district-heating-tariffs,Energy Community Secretariat,Discussion Paper DP 03/2021 on Tariff Setting in District Heating,2021,https://www.energy-community.org/dam/jcr:d8278660-35fe-48cd-8125-bbd0b7162d54/DP-032021_DH_042021.pdf,"32 pp; district_heating (Serbian DH tariffs, EU comparators)"
bankwatch-2026-comply-or-close,CEE Bankwatch Network,Comply or Close: Eight years of deadly legal breaches by Western Balkan coal plants,2026,https://bankwatch.org/wp-content/uploads/2026/06/2025_06_Comply-or-close.pdf,"48 pp; coal_power, state_utility (EPS), eu_accession (LCPD/NERP)"
bankwatch-2025-biomass-district-heating,CEE Bankwatch Network,Unmasking the biomass dilemma in Serbia and Bosnia and Herzegovina,2025,https://bankwatch.org/wp-content/uploads/2025/01/2025_01_Unmasking-the-biomass-dilemma-in-Serbia-and-Bosnia-and-Herzegovina.pdf,"26 pp; district_heating, ifi_funding (KfW, EBRD), coal_power"
bankwatch-2023-district-heating-investment,CEE Bankwatch Network,Scaling up investments in the decarbonisation of district heating in Western Balkan communities,2023,https://bankwatch.org/wp-content/uploads/2023/10/2023_10_16_Scaling-up-investments-in-the-decarbonisation-of-district-heating.pdf,"16 pp; district_heating, ifi_funding (EBRD, WBIF, KfW)"
bruegel-2025-western-balkans-energy-sector,Bruegel,"The Western Balkan energy sector: between Russia, the European Union and the green transition",2025,https://www.bruegel.org/sites/default/files/2026-03/WP%2033%202025.pdf,"30 pp; Working Paper 33/2025; coal_power, eu_accession, state_utility"
bruegel-2020-just-transition-fund,Bruegel,A Just Transition Fund - How the EU budget can best assist in the necessary transition from fossil fuels to sustainable energy,2020,https://www.bruegel.org/sites/default/files/wp-content/uploads/2020/05/Bruegel-JTF-report-for-EP-BUDG2.pdf,"120 pp; study for EP BUDG; coal_power, ifi_funding"
e3g-2021-just-transition-beyond-coal,E3G,Just transition beyond coal: lessons from the EU,2021,https://www.e3g.org/wp-content/uploads/E3G-Briefing-Transition-beyond-coal-lessons-from-eu.pdf,"14 pp; coal_power, state_utility (PPC)"
e3g-2024-heating-cooling-cee,E3G,Progressing heating and cooling decarbonisation in Central and Eastern Europe,2024,https://www.e3g.org/wp-content/uploads/E3G-Briefing-Progressing-heating-and-cooling-decarbonisation-in-Central-and-Eastern-Europe.pdf,"19 pp; district_heating, coal_power, eu_accession"
ember-2020-coal-imports-western-balkans,Ember,The path of least resistance: How electricity generated from coal is leaking into the EU,2020,https://ember-energy.org/app/uploads/2024/11/Ember-Path-of-least-resistance-2020.pdf,"40 pp; published as Sandbag; coal_power, eu_accession (carbon border adjustment)"
ember-2022-utilities-coal-gas-exit,Ember,Limited Utility: The European energy companies failing on net zero commitments,2022,https://ember-energy.org/app/uploads/2024/10/Limited-Utility.pdf,"49 pp; coal_power, state_utility (PGE, CEZ, BEH, CE Oltenia)"
agora-2019-german-coal-commission,Agora Energiewende,The German Coal Commission: A Roadmap for a Just Transition from Coal to Renewables,2019,https://www.agora-energiewende.org/fileadmin/Projekte/2019/Kohlekommission_Ergebnisse/168_Kohlekommission_EN.pdf,"56 pp; coal_power, district_heating (CHP)"
agora-2021-western-balkans-lignite-exit,Agora Energiewende,The Future of Lignite in the Western Balkans: Scenarios for a 2040 Lignite Exit,2021,https://www.agora-energiewende.org/fileadmin/Projekte/2020/2020-03_WB-6_Coal_Phase-Out/A-EW_225_Future-Lignite-Western-Balkans_WEB_1.pdf,"102 pp; coal_power, eu_accession, state_utility (Serbia chapter)"
